{
  "SVM": {
    "test_accuracy": 0.690125,
    "test_macro_f1": 0.6825760471325302,
    "train_time_s": 10.690674304962158,
    "predict_time_s": 6.968556880950928,
    "hparams": {
      "n_components": 30,
      "C": 5.0,
      "gamma": 0.001
    }
  },
  "MLP": {
    "test_accuracy": 0.569,
    "test_macro_f1": 0.5350164120010525,
    "train_time_s": 15.30935287475586,
    "predict_time_s": 0.14834094047546387,
    "hparams": {
      "units": 256,
      "dropout": 0.0,
      "learning_rate": 0.001
    },
    "epochs_trained": 30
  },
  "CNN": {
    "test_accuracy": 0.767625,
    "test_macro_f1": 0.7563473561682698,
    "train_time_s": 65.03520631790161,
    "predict_time_s": 0.6067221164703369,
    "hparams": {
      "filters": 16,
      "dropout": 0.3,
      "learning_rate": 0.001,
      "kernel_size": 5
    },
    "epochs_trained": 22
  }
}