{
  "SVM": {
    "test_accuracy": 0.690125,
    "test_macro_f1": 0.6825760471325302,
    "train_time_s": 10.58896780014038,
    "predict_time_s": 6.019434928894043,
    "hparams": {
      "n_components": 30,
      "C": 5.0,
      "gamma": 0.001
    }
  },
  "MLP": {
    "test_accuracy": 0.345125,
    "test_macro_f1": 0.2947303344339497,
    "train_time_s": 22.18655014038086,
    "predict_time_s": 0.33000802993774414,
    "hparams": {
      "units": 128,
      "dropout": 0.0,
      "learning_rate": 0.0001
    },
    "epochs_trained": 16
  },
  "CNN": {
    "test_accuracy": 0.684125,
    "test_macro_f1": 0.6468823903865593,
    "train_time_s": 27.42314887046814,
    "predict_time_s": 0.364635705947876,
    "hparams": {
      "filters": 16,
      "dropout": 0.3,
      "learning_rate": 0.001,
      "kernel_size": 5
    },
    "epochs_trained": 11
  }
}